CÓDIGO,CÓDIGO BARRAS,PRODUTO,CATEGORIA,FORNECEDOR,CUSTO,PREÇO VENDA,ESTOQUE
BR0361,,SABONETE AMEIXA 200ML SWISS BEAUTY,Cosméticos e Maquiagem,Atacadão de Kits,9.1,20.99,1
BR0379,,ESFOLIANTE PITAYA 220G SWISS BEAUTY,Cosméticos e Maquiagem,Atacadão de Kits,9.7,20.99,0
BR0367,,LOCAO HIDRATANTE PITAYA 200G SWISS BEAUTY,Cosméticos e Maquiagem,Atacadão de Kits,11.4,21.99,1
EC0243,,BODY SPLASH ANGEL MAGIC 200ML ECO FLORA,Cosméticos e Maquiagem,Atacadão de Kits,11.5,21.99,0
BR0369,,LOCAO HIDRATANTE MARACUJA 200G SWISS BEAUTY,Cosméticos e Maquiagem,Atacadão de Kits,11.4,21.99,1
EC0237,,BODY SPLASH MARACUJA 200ML ECO FLORA,Cosméticos e Maquiagem,Atacadão de Kits,11.5,29.99,1
CH0210,,ESFOLIANTE CORPO E ROSTO MARACUJA 180G CHARMELLE,Cosméticos e Maquiagem,Atacadão de Kits,6.5,15.99,2
BR0362,,SABONETE MARACUJA 200ML SWISS BEAUTY,Cosméticos e Maquiagem,Atacadão de Kits,9.1,20.99,1
EC0240,,BODY SPLASH PESSEGO 200ML ECO FLORA,Cosméticos e Maquiagem,Atacadão de Kits,11.5,29.99,1
EC0236,,BODY SPLASH LA BELLE ESSENCE 200ML ECO FLORA,Cosméticos e Maquiagem,Atacadão de Kits,11.5,29.99,1
BR0363,,SABONETE PITAYA 200ML SWISS BEAUTY,Cosméticos e Maquiagem,Atacadão de Kits,9.1,21.99,1
CH0209,,ESFOLIANTE CORPO E ROSTO FRAMBOESA 180G CHARMELLE,Cosméticos e Maquiagem,Atacadão de Kits,6.5,21.99,1
BR0350,,ESFOLIANTE PITAYA 100G SWISS BEAUTY,Cosméticos e Maquiagem,Atacadão de Kits,6.6,16.99,1
PH0072,,OLEO CORPORAL ACETINADO 150ML MELANINA BY PHALLEBEAUTY PH0793,Cosméticos e Maquiagem,Atacadão de Kits,13.9,30.99,3
BR0316,,"GEL AROMATIZANTE SENSACAO CHOCOLATE COM MORANGO SWISS BEAUTY 240G BELKIT5,9",Cosméticos e Maquiagem,Atacadão de Kits,5.9,19.9,0
CH0211,,ESFOLIANTE CORPO E ROSTO MELANCIA 180G CHARMELLE,Cosméticos e Maquiagem,Atacadão de Kits,6.5,16.99,1
BR0300,,GEL HIDRATANTE AROMATIZNATE BEIJAVEL UVA SECRET WOMAN 240G BELKIT,Cosméticos e Maquiagem,Atacadão de Kits,5.9,19.9,0
BG0001,,BODY GIRL HIDRATANTE CORPORAL GARJI MORANGO C/ CHAM305ML,Cosméticos e Maquiagem,Atacadão de Kits,5.9,19.9,1
CH0138,,BODY SPLASH BEST INTERDIT 200ML CHARMELLE,Cosméticos e Maquiagem,Atacadão de Kits,11.5,29.99,2
BR0353,,ESFOLIANTE AMEIXA 100G SWISS BEAUTY,Cosméticos e Maquiagem,Atacadão de Kits,6.6,16.99,1
BR0372,,SABONETE BEIJINHOS UVA 200ML BELKIT,Cosméticos e Maquiagem,Atacadão de Kits,9.7,21.99,0
BR0348,,ESFOLIANTE BEIJINHOS MORANGO 100G BELKIT,Cosméticos e Maquiagem,Atacadão de Kits,6.6,16.99,0
BR0373,,LOCAO HIDRATANTE BEIJINHOS MORANGO 200G BELKIT,Cosméticos e Maquiagem,Atacadão de Kits,11.4,21.99,0
BR0125,,LOCAO HIDRATANTE ALGODAO 475ML BELKIT,Cosméticos e Maquiagem,Atacadão de Kits,8.7,22.99,1
BR0347,,ESFOLIANTE BEIJINHOS UVA 100G BELKIT,Cosméticos e Maquiagem,Atacadão de Kits,6.6,16.99,2
BR0331,,LOCAO HIDRATANTE DESODORANTE BEIJINHOS UVA 475ML BELKIT,Cosméticos e Maquiagem,Atacadão de Kits,8.4,22.99,2
BR0375,,LOCAO HIDRATANTE BEIJINHOS UVA 200G BELKIT,Cosméticos e Maquiagem,Atacadão de Kits,11.4,22.99,1
BR0370,,SABONETE BEIJINHOS MORANGO 200ML BELKIT,Cosméticos e Maquiagem,Atacadão de Kits,9.7,21.99,1
CH0137,,BODY SPLASH BEST OBSESSION 200ML CHARMELLE,Cosméticos e Maquiagem,Atacadão de Kits,11.5,31.99,0
FS0306,,LOCAO HIDRATANTE PERFUMADA SCANDALOUS 130ML FASHION,Cosméticos e Maquiagem,Atacadão de Kits,6.85,17.99,0
FS0322,,LOCAO HIDRATANTE PERFUMADA 121 ROSE 130ML FASHION,Cosméticos e Maquiagem,Atacadão de Kits,6.85,17.99,1
FS0305,,LOCAO HIDRATANTE PERFUMADA MADAME 130ML FASHION,Cosméticos e Maquiagem,Atacadão de Kits,6.85,17.99,1
FS0313,,LOCAO HIDRATANTE PERFUMADA ROUGGE 130ML FASHION,Cosméticos e Maquiagem,Atacadão de Kits,6.85,17.99,1
FS0311,,LOCAO HIDRATANTE PERFUMADA GGIRL 130ML FASHION,Cosméticos e Maquiagem,Atacadão de Kits,6.85,17.99,0
FS0327,,BODY SPLASH L'AME 200ML FASHION,Cosméticos e Maquiagem,Atacadão de Kits,11.25,36.99,1
FS0328,,BODY SPLASH ANJO 200ML FASHION,Cosméticos e Maquiagem,Atacadão de Kits,11.25,36.99,0
BR0355,,GELATINA CAPILAR ANTIFRIZZ BEIJINHOS MORANGO 500G BELKIT,Cosméticos e Maquiagem,Atacadão de Kits,10.5,22.5,1
BR0380,,ESFOLIANTE MARACUJA 220G SWISS BEAUTY,Cosméticos e Maquiagem,Atacadão de Kits,9.75,22.99,1
SV0036,,GEL HIDRATANTE CORPORAL MARACUJA SOU VEGAN 300ML LT GHCSV 003 VAL 04/2,Cosméticos e Maquiagem,Atacadão de Kits,5.99,23.99,1
CH0163,,GEL HIDRANTE PARA VIRILHA MORANGO C/ CREME SEXY GIRL 240G CHARMELLE,Cosméticos e Maquiagem,Atacadão de Kits,5.99,19.99,2
FS0177,,PERFUME 121 ROSE ROSE 45ML FASHION,Cosméticos e Maquiagem,Atacadão de Kits,9.8,25.99,2
FS0239,,PERFUME GGIRL 45ML FASHION,Cosméticos e Maquiagem,Atacadão de Kits,9.8,25.99,0
FS0256,,PERFUME SCANDALOUS 45ML FASHION,Cosméticos e Maquiagem,Atacadão de Kits,9.8,25.99,1
BR0358,,LOCAO HIDRATANTE MORANGO 200G SWISS BEAUTY,Cosméticos e Maquiagem,Atacadão de Kits,9.1,23.99,1
LV00004,,SABONETE MORANGO 200ML SWISS BEAUTY,Cosméticos e Maquiagem,Atacadão de Kits,9.1,23.99,0
BR0351,,ESFOLIANTE MORANGO 100G SWISS BEAUTY,Cosméticos e Maquiagem,Atacadão de Kits,6.6,17.99,1
FS0181,,PERFUME BLACK HORSE 45ML FASHION,Cosméticos e Maquiagem,Atacadão de Kits,9.8,25.99,2
FS0271,,PERFUME AZZAD 45ML FASHION,Cosméticos e Maquiagem,Atacadão de Kits,9.8,25.99,4
FS0186,,PERFUME DIO MEN 45ML FASHION,Cosméticos e Maquiagem,Atacadão de Kits,9.8,25.99,2
SO0030,,PERFUME PARA CALCINHA BANHO SEXY CHARME 40ML SOUL COSMETICOS,Cosméticos e Maquiagem,Atacadão de Kits,4.95,12.99,1
AP0004,,PERFUME DE CALCINHA BABBALOKO UVA 40ML APINIL,Cosméticos e Maquiagem,Atacadão de Kits,4.8,12.99,1
SO0029,,PERFUME PARA CALCINHA BANHO SEXY MADAME 40ML SOUL COSMETICOS,Cosméticos e Maquiagem,Atacadão de Kits,4.95,12.99,1
SO0027,,PERFUME PARA CALCINHA BANHO SEXY FETICHE 40ML SOUL COSMETICOS,Cosméticos e Maquiagem,Atacadão de Kits,4.95,12.99,1
SO0028,,PERFUME PARA CALCINHA BANHO SEXY SHELL 40ML SOUL COSMETICOS,Cosméticos e Maquiagem,Atacadão de Kits,4.95,12.99,1
AP0002,,PERFUME DE CALCINHA CEREJA 40ML,Cosméticos e Maquiagem,Atacadão de Kits,4.8,12.99,1
AP0006,,PERFUME DE CALCINHA MELINDA 40 ML APINIL,Cosméticos e Maquiagem,Atacadão de Kits,4.8,12.99,0
SO0031,,PERFUME PARA CALCINHA BANHO SEXY INTENSE 40ML SOUL COSMETICOS,Cosméticos e Maquiagem,Atacadão de Kits,4.95,9.9,1
AP0001,,PERFUME DE CALCINHA MENTA 40ML APINIL,Cosméticos e Maquiagem,Atacadão de Kits,4.8,12.99,1
AP0010,,PERFUME DE CALCINHA CHOCOLATE NUTELA 40ML APINIL,Cosméticos e Maquiagem,Atacadão de Kits,4.8,12.99,1
AP0003,,PERFUME DE CALCINHA BAUNILHA 40ML APINIL,Cosméticos e Maquiagem,Atacadão de Kits,4.8,12.99,1
EC0050,,CREME HIDRATANTE SEBO DE CARNEIRO FORTFISION 150G ECO FLORA,Cosméticos e Maquiagem,Atacadão de Kits,3.5,9.99,1
EC0241,,CREME PARA PES E MAOS COM SEBO DE CARNEIRO 250G ECO FLORA,Cosméticos e Maquiagem,Atacadão de Kits,3.5,9.99,1
EC0129,,KIT 4 ITENS UNICORNIO ENCANTADO PREMIUM ECO FLORA (7898466606927),Cosméticos e Maquiagem,Atacadão de Kits,17.4,39.99,1
EC0106,,KIT 4 ITENS ROSA MOSQUETA PREMIUM ECO FLORA (7898466607047),Cosméticos e Maquiagem,Atacadão de Kits,17.4,39.99,1
R0169,,TRATAMENTO UNICO 200ML BELKIT,Cosméticos e Maquiagem,Atacadão de Kits,10.95,27.99,1
SO0205,,HIDRATANTE CORPORAL GOLDEN VANILIE 240ML HYDRA SOUL COSMETICO,Cosméticos e Maquiagem,Atacadão de Kits,7.85,17.99,2
EC0127,,KIT 4 ITENS FORT HORSE PREMIUM ECO FLORA,Cosméticos e Maquiagem,Atacadão de Kits,17.4,39.99,0
SO0206,,HIDRATANTE CORPORAL LIVE ROSE 240ML HYDRA SOUL COSMETICOS,Cosméticos e Maquiagem,Atacadão de Kits,7.85,17.99,0
EC0130,,KIT 4 ITENS VERNIZ PREMIUM ECO FLORA (7898466606354),Cosméticos e Maquiagem,Atacadão de Kits,17.4,39.99,3
BR0391,,BODY SPLASH CEREJA E AVELA 200ML BELKIT,Cosméticos e Maquiagem,Atacadão de Kits,16.5,36.99,0
SO0229,,BODY SPRAY TARIIQ ROYALE FOR MEN 200ML SOUL COSMETICOS,Cosméticos e Maquiagem,Atacadão de Kits,12.9,29.99,0
SO0227,,BODY SPRAY DUBAI FOR MEN 200ML SOUL COSMETICOS,Cosméticos e Maquiagem,Atacadão de Kits,12.9,29.99,1
SO0230,,BODY SPRAY ZAFRAN BLACK MEN 200ML SOUL COSMETICOS,Cosméticos e Maquiagem,Atacadão de Kits,12.9,29.99,1
CH0185,,BODY SPLASH DESODORANTE SABARAH 200ML CHARMELLE,Cosméticos e Maquiagem,Atacadão de Kits,11.5,29.99,1
ST0167,,GEL HIDRATANTE BEIJAVEL MORANGO COM CHANTILLY 300G SOFISTICATTO,Cosméticos e Maquiagem,Atacadão de Kits,5.99,19.99,2
BG0002,,BODY GIRL HIDRATANTE CORPORAL GARJI ALGODAO DOCE 305ML,Cosméticos e Maquiagem,Atacadão de Kits,5.99,19.9,1
BR0390,,BODY SPLASH AMEIXA NEGRA 200ML BELKIT,Cosméticos e Maquiagem,Atacadão de Kits,16.5,36.99,0
CH0135,,BODY SPLASH BEST FANTASY 200ML CHARMELLE,Cosméticos e Maquiagem,Atacadão de Kits,11.5,31.99,0
SO0194,,HIDRATANTE CORPORAL BABASOUL TUTTI-FRUTTI 240ML SOUL,Cosméticos e Maquiagem,Atacadão de Kits,7.85,19.9,0
CH0187,,KIT CAPILAR 3 ITENS 312 VIP CHARMELLE,Cosméticos e Maquiagem,Atacadão de Kits,17.7,39.99,1
EC0218,,SABONETE INTIMO CHICLETE MORANGO 200ML ECO FLORA,Cosméticos e Maquiagem,Atacadão de Kits,3.5,10.99,1
EC0233,,SABONETE INTIMO CHICLETE TUTTI FRUTTI 200ML ECO FLORA,Cosméticos e Maquiagem,Atacadão de Kits,3.5,10.99,0
AP0059,,SABONETE INTIMO ROSA MOSQUETA APNIL,Cosméticos e Maquiagem,Atacadão de Kits,3.5,10.99,1
AP0048,,SABONETE INTIMO MELANCIA ICE 200ML APINIL,Cosméticos e Maquiagem,Atacadão de Kits,3.5,10.99,1
AP0051,,SABONETE INTIMO BARBATIMAO & FLOR DE ALGODAO 200ML APINIL,Cosméticos e Maquiagem,Atacadão de Kits,3.5,10.99,1
EC0008,,SABONETE INTIMO BARBATIMAO 200ML ECO FLORA,Cosméticos e Maquiagem,Atacadão de Kits,3.5,10.99,0
FS0312,,LOCAO HIDRATANTE PERFUMADA KYARA 130ML FASHION,Cosméticos e Maquiagem,Atacadão de Kits,6.85,17.99,3
CH0202,,BODY SPLASH KYARA 60ML CHARMELLE,Cosméticos e Maquiagem,Atacadão de Kits,6.3,17.99,0
CH0212,,BODY SPLASH ALZAD 60ML CHARMELLE,Cosméticos e Maquiagem,Atacadão de Kits,6.3,17.99,4
0001,,FRETE UBER COM SEGURO 2X,Cosméticos e Maquiagem,Atacadão de Kits,43.9,43.9,2
SKINQMR071,,AGUA MICELAR ESQUALANO VEGETAL 200ML MISS ROSE,Cosméticos e Maquiagem,HMC ATACADISTA  LTDA,3.0,12.99,5
PER001591,,PERFUME DE BOLSA 30ML MIA MAKE,Cosméticos e Maquiagem,HMC ATACADISTA  LTDA,9.55,19.99,2
BAT001500,,BATOM BALA PRIMAVERA MIA MAKE,Cosméticos e Maquiagem,HMC ATACADISTA  LTDA,3.11,9.99,8
MAQ001282,,LAPIS DE OLHO PRETO COM APONTADOR MIA MAKE,Cosméticos e Maquiagem,HMC ATACADISTA  LTDA,1.44,6.99,10
MAQSP99401,,SABONETE ANTIOXIDANTE ROSA MOSQUETA100ML SUPER PODERES,Cosméticos e Maquiagem,HMC ATACADISTA  LTDA,5.0,16.99,3
MAQ001SP1008,,BASE LIQUIDA ACABAMENTO LEVE E SEDOSO 40ML SUPER PODERES,Cosméticos e Maquiagem,HMC ATACADISTA  LTDA,5.55,16.99,4
MAS020446783239A,,MASCARA PARA CILIOS FALSIESVOLUME EXPRESS FEBELLA,Cosméticos e Maquiagem,HMC ATACADISTA  LTDA,6.94,16.99,0
BAT0325469881A,,BATOM MU-CORES FEBELLA,Cosméticos e Maquiagem,HMC ATACADISTA  LTDA,1.78,8.99,20
GLO1364868122A,,LIP GLOSS MORANGUINHO FEBELLA,Cosméticos e Maquiagem,HMC ATACADISTA  LTDA,5.67,12.99,2
MAQ001MR118B,,PO COMPACTO TRANSLUCIDO JADE SINTA-SE MISS ROSE,Cosméticos e Maquiagem,HMC ATACADISTA  LTDA,5.94,16.99,6
MAQ001MR066,,BLUSH COMPACTO GLOW E MATTE SINTA-SE MISS ROSE,Cosméticos e Maquiagem,HMC ATACADISTA  LTDA,6.22,12.44,5
MAQ0017204013M,,ESPONJA DE MAQUIAGEM MISS ROSE,Cosméticos e Maquiagem,HMC ATACADISTA  LTDA,1.55,5.99,5
MAQ001318311,,LIP GLOSS TEDDY VIVAI,Cosméticos e Maquiagem,HMC ATACADISTA  LTDA,4.33,14.99,7
MAQ001342211,,ESFOLIANTE LABIAL HONEY SCRUB VIVAI,Cosméticos e Maquiagem,HMC ATACADISTA  LTDA,4.33,11.99,0
00002,,FRETE COM SEGURO UBER,Cosméticos e Maquiagem,HMC ATACADISTA  LTDA,36.9,36.9,1
PROD-0003,,SKIN001 MOUSSE DE LIMPEZA FACIAL ROSA MOSQUETA 150ML33049990 0102 5102,Cosméticos,R25 ATACADISTA,9.89,25.99,3
PROD-0004,,90602 - SUPER PODERES SP906-02 GLO2265 LIP GLOSS MEL CHAVEIRO - FEBELLA BM40141 33041000 0102 5102,Cosméticos,R25 ATACADISTA,6.94,22.99,5
PROD-0005,,6584223A SER0001SÉRUM FACIAL ÁCIDO HIALURÔNICO 30ML - FEBELLA 33049990 0102 5102,Cosméticos,R25 ATACADISTA,8.67,25.99,1
PROD-0006,,242313A SFA02503 MAQ001 FIXADOR DE MAQUIAGEM FIX MATTE 120ML - MISS 33049990 0102 5102,Cosméticos,R25 ATACADISTA,7.78,20.99,3
PROD-0007,,MR004 RÔSE MR004 MAQ001 PÓ SOLTO TRANSLÚCIDO SOFT FOCUS SINTA-SE - MISS 33049100 0102 5102,Cosméticos,R25 ATACADISTA,5.94,16.99,6
PROD-0008,,MR082C RÔSE MR082/C MAQ0013BRILHO LABIAL CHEIRINHO DE MORANGO - VIVAI 33041000 0102 5102,Cosméticos,R25 ATACADISTA,2.44,6.99,9
PROD-0009,,06116 3061.1.5 MAQ0015FAIXA PARA MAQUIAGEM #VDC - VIVAI 5056.1.1.1.1 62171000 0102 5102,Cosméticos,R25 ATACADISTA,5.67,15.99,4
PROD-0010,,05611 MAQ0013BALM GLOW - VIVAI 3349.1.1 33041000 0102 5102,Cosméticos,R25 ATACADISTA,2.99,8.99,8
PROD-0011,,34911 CRE3243CREME CORPORAL WE CANDY - VIVAI 5075.1.1 33049990 0102 5102,Cosméticos,R25 ATACADISTA,10.55,27.99,0
PROD-0012,,44602A MAQ0011PÓ SOLTO BANANA TRANSLÚCIDO MIA MAKE 156 33049100 0102 5102,Cosméticos,R25 ATACADISTA,6.11,15.99,4
PROD-0013,,UBER,Cosméticos,uber,35.0,35.0,0
LV00001,,POMADA DESODORANTE MASSAGEADORA CANELA DE VELHO 150G - BIO INSTINTO COSMÉTICOS,cosmeticos,kinature,5.99,16.99,0
0002,,POMADA DESODORANTE MASSAGEADORA MILAGROSA 150G - BIO INSTINTO COSMÉTICOS,Cosméticos,KINATURE,5.99,16.99,3
00003,,POMADA DESODORANTE MASSAGEADORA FISIOFORT 150G - BIO INSTINTO COSMÉTICOS,Cosméticos,KINATURE,5.99,16.99,3
0004,,POMADA DESODORANTE MASSAGEADORA FISIOFORT+ PREMIUM 150G - BIO INSTINTO COSMÉTICOS,Cosméticos,KINATURE,6.99,17.99,2
00005,,CREME HIDRATANTE DESODORANTE CORPORAL DERMESSENCE 150G - BIO INSTINTO COSMÉTICOS,Cosméticos,KINATURE,4.99,16.99,2
0006,,KIT SKIN CARE FACIAL ANTI-OLEOSIDADE COM 4 ITENS - RHENUKS COSMÉTICOS,Cosméticos,kinature,18.99,39.99,0
0007,,POMADA PRETA PREMIUM 150G - APINIL COSMÉTICOS,Cosméticos,kinature,3.99,13.99,3
0008,,ÓLEO CORPORAL CHARMOSA AMEIXA COM ÓLEO DE AMÊNDOAS 100ML - APINIL COSMÉTICOS,Cosméticos,kinature,8.99,19.99,0
0009,,ÓLEO CORPORAL ELEGANTE MORANGO DO NORDESTE COM ÓLEO DE AMÊNDOAS 100ML - APINIL COSMÉTICOS,Cosméticos,KINATURE,8.99,19.99,2
0010,,ÓLEO CORPORAL ABSOLUTA ROSA MOSQUETA COM ÓLEO DE AMÊNDOAS 100ML - APINIL COSMÉTICOS,Cosméticos,kinature,8.99,19.99,2
0011,,ÓLEO CORPORAL DELICADA ORQUÍDEA COM ÓLEO DE AMÊNDOAS 100ML - APINIL COSMÉTICOS,Cosméticos,kinature,8.99,19.99,2
0012,,DEO COLÔNIA DOLCE MULHER 100ML - APINIL COSMÉTICOS,Cosméticos,kinature,12.99,23.99,1
LV00002,,DEO COLÔNIA MASCULINA MERLOT 100ML - APINIL COSMÉTICOS,Cosméticos,kinature,12.99,23.99,1
0013,,BODY SPLASH MELINDA 130ML - APINIL,Cosméticos,KINATURE,6.99,18.99,1
0014,,DEO COLÔNIA VIBE 100ML - APINIL COSMÉTICOS,Cosméticos,KINATURE,12.99,23.99,1
0015,,DEO COLÔNIA MADEIRA DO ORIENTE 100ML - APINIL COSMÉTICOS,Cosméticos,kinature,12.99,23.99,0
PROD-0016,,BODY SPLASH CEREJA COM AVELA 200ML ECO FLORA 0 60,Cosméticos,Atacadão dos Kits,11.5,31.99,1
PROD-0017,,LOCAO HIDRATANTE CEREJA E AVELA 475ML BELKIT 0 60,Cosméticos,Atacadão dos Kits,8.7,22.99,1
PROD-0018,,DESODORANTE BODY SPLASH ALLIBAH ROUGE 200ML SOUL COSMETICOS 0 60,Cosméticos,Atacadão dos Kits,12.9,26.99,1
PROD-0019,,DESODORANTE BODY SPLASH ATTAFF ROSE 200ML SOUL COSMETICOS 0 60,Cosméticos,Atacadão dos Kits,12.9,26.99,1
PROD-0020,,PERFUME CANDY 100ML FASHION 0 60,Cosméticos,Atacadão dos Kits,15.65,59.99,0
PROD-0021,,PERFUME KYARA 100ML FASHION 0 60,Cosméticos,Atacadão dos Kits,15.65,59.99,0
PROD-0022,,PERFUME 121 ROSE ROSE 100ML FASHION 0 60,Cosméticos,Atacadão dos Kits,15.65,59.99,0
PROD-0023,,PERFUME MISS GABRIELA 100ML FASHION 0 60,Cosméticos,Atacadão dos Kits,15.65,59.99,1
PROD-0024,,PERFUME SAVAGE 100ML FASHION 0 60,Cosméticos,Atacadão dos Kits,15.65,59.99,0
PROD-0025,,PERFUME STEEL SCENT 100ML FASHION 0 60,Cosméticos,Atacadão dos Kits,15.65,59.99,0
PROD-0026,,PERFUME MADAME 45ML FASHION 0 60,Cosméticos,Atacadão dos Kits,9.8,25.99,0
PROD-0027,,PERFUME GABRIELA 45ML FASHION 0 60,Cosméticos,Atacadão dos Kits,9.8,25.99,1
PROD-0028,,LOCAO HIDRATANTE AMENDOAS 475ML BELKIT 0 60,Cosméticos,Atacadão dos Kits,8.7,22.99,1
PROD-0029,,PERFUME KC 45ML FASHION 0 60,Cosméticos,Atacadão dos Kits,9.8,25.99,0
PROD-0030,,PERFUME AZZAD 100ML FASHION 0 60,Cosméticos,Atacadão dos Kits,15.65,59.99,1
PROD-0031,,PERFUME DIO MEN 45ML FASHION 0 60,Cosméticos,Atacadão dos Kits,9.8,25.99,1
PROD-0032,,ENVASE DESODORANTE 150ML KYARA 0 60,Cosméticos,Atacadão dos Kits,12.8,24.99,0
PROD-0033,,ENVASE DESODORANTE 150ML GGIRL 0 60,Cosméticos,Atacadão dos Kits,12.8,24.99,1
PROD-0034,,ENVASE DESODORANTE 150ML 121 ROSE 0 60,Cosméticos,Atacadão dos Kits,12.8,24.99,0
PROD-0035,,ENVASE DESODORANTE 150ML KANRAH 0 60,Cosméticos,Atacadão dos Kits,12.8,24.99,1
PROD-0036,,ENVASE DESODORANTE 150ML MADAME 0 60,Cosméticos,Atacadão dos Kits,12.8,24.99,0
PROD-0037,,ENVASE DESODORANTE 150ML AZZAD 0 60,Cosméticos,Atacadão dos Kits,12.8,24.99,0
PROD-0038,,LOCAO HIDRATANTE AMEIXA NEGRA 475ML BELKIT 0 60,Cosméticos,Atacadão dos Kits,8.7,22.99,0
PROD-0039,,PERFUME KC 100ML FASHION 0 60,Cosméticos,Atacadão dos Kits,15.65,59.99,0
PROD-0040,,PERFUME KANRAH 100ML FASHION 0 60,Cosméticos,Atacadão dos Kits,15.65,59.99,1
PROD-0041,,PERFUME GGIRL 100ML FASHION 0 60,Cosméticos,Atacadão dos Kits,15.65,59.99,0
PROD-0042,,ENVASE DESODORANTE 150ML STEEL SCENT 0 60,Cosméticos,Atacadão dos Kits,12.8,24.99,0
PROD-0043,,PERFUME DIO MEN 100ML FASHION 0 60,Cosméticos,Atacadão dos Kits,15.65,59.99,1
PROD-0044,,PERFUME MADAME 100ML FASHION 0 60,Cosméticos,Atacadão dos Kits,15.65,59.99,0
PROD-0045,,ENVASE DESODORANTE 150ML SAVAGE 0 60,Cosméticos,Atacadão dos Kits,12.8,24.99,1
PROD-0046,,HIDRATANTE CORPORAL LIVE ROSE 240ML HYDRA SOUL COSMETICOS 0 60,Cosméticos,Atacadão dos Kits,9.1,19.99,2
PROD-0047,,HIDRATANTE CORPORAL FLOWER LILLY 240ML HYDRA SOUL COSMETICOS 0 60,Cosméticos,Atacadão dos Kits,7.85,19.99,2
PROD-0048,,HIDRATANTE CORPORAL BABASOUL TUTTI-FRUTTI 240ML SOUL 0 60,Cosméticos,Atacadão dos Kits,7.85,19.99,1
PROD-0049,,SABONETE DEMAQUILANTE NEW MAKE OUT 100ML 0 60,Cosméticos,Atacadão dos Kits,6.2,16.99,0
PROD-0050,,SABONETE PRIMER MAKE UP 100 ML LOTE: P25090027 DT. VALIDADE: 01/09/2027-COLIF TOTAIS FECAIS: AUSENCIA- IVA: 51.550 FCI:0E25B974-BA93-40 66-BCD9-20EA69D4A220 CBENEF: - 0 60,Cosméticos,Atacadão dos Kits,5.4,15.99,1
PROD-0051,,REPARADOR DE PONTAS REVITAL HAIR OLEO DE ARGAN 60ML PIERRY WERMON 0 60,Cosméticos,Atacadão dos Kits,6.16,17.99,2
PROD-0052,,SABONETE MICELAR 3X1 SOUL DERM 100ML SOUL COSMETICOS 0 60,Cosméticos,Atacadão dos Kits,3.99,9.99,2
PROD-0053,,SABONETE LIQUIDO FACIAL CARVAO ATIVADO 100ML SOUL COSMETICOS 0 60,Cosméticos,Atacadão dos Kits,3.99,9.99,2
PROD-0054,,SABONETE FACIAL VITAMINA C 100ML SOUL COSMETICOS 0 60,Cosméticos,Atacadão dos Kits,3.99,9.99,1
PROD-0055,,SABONETE FACIAL ROSA MOSQUETA SOUL DERM 100ML SOUL COSMETICOS 0 60,Cosméticos,Atacadão dos Kits,3.99,9.99,2
PROD-0056,,SERUM PEPTIDEOS DERMACHEM LABORATORY 30ML LOTE: P25070106 DT. VALIDADE: 11/07/2027 IVA: 45.140 CBENEF: - REDUCAO DA B.C. DO ICMS CONFORME ARTIGO 34 DO ANEXO II DO RICMS SP 0 60,Cosméticos,Atacadão dos Kits,8.3,32.99,2
PROD-0057,,SERUM PEONIA DERMACHEM LABORATORY 30ML LOTE: P24120130 DT. VALIDADE: 17/12/2026 IVA: 45.140 CBENEF: - REDUCAO DA B.C. DO ICMS CONFORME ARTIGO 34 DO ANEXO II DO RICMS SP 0 60,Cosméticos,Atacadão dos Kits,6.7,32.99,0
PROD-0058,,DERMA CHEM DEMAQUILANTE LIQ MAKE OUT 100ML 0 60,Cosméticos,Atacadão dos Kits,5.4,15.99,1
PROD-0059,,ABSOLUTE SPORT FOR MEN YOU COSMETICS 45ML,Cosméticos,Atacadão dos Kits,9.12,25.99,2
PROD-0060,,GGIRL MISS POP ESSENCE FOR  HOMAN 45ML,Cosméticos,Atacadão dos Kits,9.12,25.99,3
PROD-0061,,SCANDALOUS YOU COMESTIC 45ML FOR HOMAN,Cosméticos,Atacadão dos Kits,9.12,25.99,3
PROD-0062,,121 ROSE ROSE 45ML FOR HOMAN,Cosméticos,Atacadão dos Kits,9.12,25.99,1
PROD-0063,,BLACK HORSE YOU COSMETC FOR MEN 45ML,Cosméticos,Atacadão dos Kits,9.12,25.99,1
PROD-0064,,STEEL SCENT FOR MEN YOU COSMETIC 45ML,Cosméticos,Atacadão dos Kits,9.12,25.99,2
Luh5,,uber com seguro ,UBER,UBER,39.9,39.9,1
LUH000125,,TALCO PARA OS PES BARLA,Cosméticos,MERCADO  LIVRE,10.0,18.99,5
LUH5252,,MAQUININHA TON,TON LUHVEE,TON,88.0,88.0,1
MAQ 2545,,MAQUININHA PAGSEGURO,PAG SEGURO LUHVEE,PAG SEGURO,98.0,98.0,1
PROD-20446783240,,LOCAO HIDRATANTE MELINDA 190G - APINIL,Cosméticos,KINATURE,5.49,15.99,2
PROD-20446783241,,BODY SPLASH NIGHT SECRETS 220ML - BELL CORPUS COSMETICOS,Cosméticos,KINATURE,11.99,31.99,2
PROD-20446783242,,BODY SPLASH SUMMER SECRET 220ML - BELL CORPUS,Cosméticos,KINATURE,11.99,31.99,2
PROD-20446783243,,BODY SPLASH VANILLA DREAMS - BELL CORPUS,Cosméticos,KINATURE,9.99,31.99,1
PROD-20446783244,,SABONETE INTIMO MELINDA 200ML - APINIL COSMETICOS,Cosméticos,KINATURE,3.49,12.99,3
PROD-20446783245,,KIT SKIN CARE ANTI RUGAS - RHENUKS COSMETICOS,Cosméticos,KINATURE,18.99,45.99,1
PROD-20446783246,,KIT SKIN CARE PARA PELE COM MARCAS - RHENUKS COSMETICOS,Cosméticos,KINATURE,18.99,45.99,0
PROD-20446783247,,KIT SKIN CARE FACIAL IDADE CONTROL COM 4 ITENS - RHENUKS,Cosméticos,KINATURE,18.99,45.99,1
PROD-20446783248,,COSMETICOS KIT SKIN CARE FACIAL ACNOW CONTROL COM 4 ITENS - RHENUKS,Cosméticos,KINATURE,19.99,45.99,2
PROD-20446783249,,COSMETICOS KIT SKIN CARE FACIAL ANTI-OLIOSIDADE COM 4 ITENS - RHENUKS,Cosméticos,KINATURE,18.99,45.99,1
PROD-20446783250,,COSMETICOS 2378 CREME FACIAL ANTIOLEOSIDADE 50G - NATIVA BRASIL,Cosméticos,KINATURE,2.99,7.99,4
PROD-20446783251,,CREME HIDRATANTE DESODORANTE DERMESSENCE 150G - BIO INSTINTO,Cosméticos,KINATURE,4.99,16.99,2
PROD-20446783252,,COSMETICOS 2746 CONDICIONADOR BOTOX NO CHUVEIRO 400ML - RHENUKS COSMETICOS,Cosméticos,KINATURE,3.99,16.99,3
PROD-20446783253,,MOUSSE DE HIGIENE INTIMA AROEIRA 150ML - MARY LIFE COSMETICOS,Cosméticos,KINATURE,6.99,18.99,2
PROD-20446783254,,ANTITRANSPIRANTE MEN EXTREME BLACK INVISIBLE 72H 150ML - ABOVE,Cosméticos,KINATURE,7.49,18.99,1
PROD-20446783255,,ANTITRANSPIRANTE EXTREME SPORT INVISIBLE 72H 150ML - ABOVE,Cosméticos,KINATURE,7.49,18.99,1
PROD-20446783256,,ANTITRANSPIRANTE MEN ELEMENTS VULCAN 150ML - ABOVE,Cosméticos,KINATURE,7.49,18.99,1
PROD-20446783257,,DESODORANTE ANTITRANSPIRANTE HIPOALERGENICO 50ML - BIO INSTINTO,Cosméticos,KINATURE,4.49,10.0,2
PROD-20446783258,,DESODORANTE EM CREME ANTIPERSPIRANTE NATURISSIMO ACTIVE 72H 55G -,Cosméticos,KINATURE,3.49,7.99,1
PROD-20446783259,,BIO INSTINTO COSMETICOS DESODORANTE EM CREME ANTIPERSPIRANTE NATURISSIMO TRADICIONAL 72H,Cosméticos,KINATURE,3.49,7.99,1
PROD-20446783260,,55G - BIO INSTINTO COSMETICOS DESODORANTE EM CREME ANTIPERSPIRANTE NATURISSIMO TALCO 72H 55G -,Cosméticos,KINATURE,3.49,7.99,1
PROD-20446783261,,BIO INSTINTO COSMETICOS DESODORANTE EM CREME ANTIPERSPIRANTE NATURISSIMO BIOPROTECT 72H,Cosméticos,KINATURE,3.49,7.99,1
PROD-20446783262,,55G - BIO INSTINTO COSMETICOS DESODORANTE EM CREME ANTIPERSPIRANTE NATURISSIMO SENSITIVE 72H 55G,Cosméticos,KINATURE,3.49,7.99,1
PROD-20446783263,,- BIO INSTINTO COSMETICOS DESODORANTE EM CREME ANTIPERSPIRANTE NATURISSIMO LAVANDA 72H 55G,Cosméticos,KINATURE,3.49,7.99,1
PROD-20446783264,,- BIO INSTINTO COSMETICOS CFOP5102 POMADA CARAMELO FOR MEN 120G - SHOCK HAIR COSMETICS,Cosméticos,KINATURE,7.49,18.99,3
PROD-20446783265,,POMADA MODELADORA CLASSIC FOR MEN 150G - BARBER BOY COSMETICS,Cosméticos,KINATURE,7.49,18.99,2
310011,,VOLUME LABIAL PEROLADO 4 ML VIVAI,Cosméticos,super linda,6.0,16.99,4
223511,,BLACK LASHES MASCARA DE CILIOS VIVAI,Cosméticos,SUPER LINDA,5.5,16.99,4
205911,,TATTOO PARA SOBRANCELHAS VIVAI,Cosméticos,SUPER LINDA,3.5,9.99,6
616080,,ANTI OLIOSIDADE SKIN CONTROL MOUSSE DE LIMPEZA 4 EM 1 FYC,Cosméticos,SUPER LINDA,10.0,25.99,2
950030,,MOUSSE MICELAR ANTI OLIOSIDADE BETTER ME,Cosméticos,SUPER LINDA,8.0,25.99,1
605807,,BRUMA MATTE 140 ML PHALLEBEAUTY  COSMETICOS,Cosméticos,SUPER LINDA,7.0,18.99,12
LUH20261,,TOUCA DE CETIM LUHVEE,Cosméticos,SUPER LINDA,2.0,9.99,29
LN10015,,CORRETIVO TEXTURA LIQUIDA CREMOSA LUA E NEVE,Cosméticos,SUPER LINDA,6.5,21.99,10
146530,,CURVADOR CÍLIOS,Cosméticos,25marco,5.0,15.99,3
133175,,MÁSCARA ARGILA DOURADO,Cosméticos,24marco,6.99,17.99,2
145161,,RÍMEL 5D,Cosméticos,25marco,5.99,19.99,4
146139,,MÁSCARA MEGA 2 EM 1,Cosméticos,25marco,8.3,19.99,3
125534,,PINCEL PARA SOBRANCELHA DF100,Cosméticos,25marco,2.9,10.0,3
146303,,CÍLIOS POSTIÇOS MIX,Cosméticos,25 marco,9.0,19.99,0
162727,,CÍLIOS,Cosméticos,25 março,5.0,15.99,2
146195,,MASCARA DE CÍLIOS MASK,Cosméticos,25marco,6.7,19.99,2
144887,,PINÇA CÍLIOS RGJ,Cosméticos,25marco,19.0,39.9,1
145902,,COLA CÍLIOS,Cosméticos,25 marco,1.5,10.0,2
146584,,DELINEADOR,Cosméticos,25marco,6.9,16.99,0
146577,,MÁSCARA DE SOBRANCELHA INCOLOR,Cosméticos,25marco,6.9,17.99,1
146453,,FIXADOR FIX BROW,Cosméticos,25marco,5.49,15.99,3
128480,,SOMBRA SOBRANCELHAS,Cosméticos,25marco,7.3,17.99,3
WPN123,,LIP THERAPIES,Cosméticos,CHINA,1.0,5.99,3
PEI123,,LIPCRISTAL GLOSS,Cosméticos,CHINA,1.0,6.99,5
76012,,PERFUME ARABIA BLACK AROMATO 100 ML LE CHAMEAU,perfumes arabes,paulista,115.33,279.9,1
25010,,YOUR TOUCH MAISON ALHAMBRA 100ML,PERFUMES,PAULISTA,115.33,299.9,1
25030,,AMEERAT AL ARAB PRIVE ROSE ASDAAF LATTAFA 150 ML,PERFUMES,PAULISTA,115.33,249.9,1
23090,,CANDID MAISON ALHAMBRA BODY SPLASH 150 ML,PERFUMES ARABES,PAULISTA,115.33,169.9,1
25090,,BODY SPLASH CHANTS MAISON ALHAMBRA 250 ML,PERFUMES ARABES,PAULISTA,115.33,179.9,0
290362,,AVIATOR KARIM ORIGINALS 100ML,PERFUMES ARABES,PAULISTA,115.33,269.9,0
SHAGAF,,SHAGAF OF WARD AL WATANIAH 100ML,PERFUMES ARABES,PAULISTA,115.33,289.9,1
03013,,AMEERAT AL ARAB ASDAAF ROSA 100ML LATTAFA,PERFUMES ARABES,PAULISTA,115.33,239.9,1
40572,,HAYAATI LATTAFA 100 ML UNISSEX,PERFUMES ARABES,PAULISTA,115.33,189.9,0
25070,,LAVA MAISON ALHAMBRA MASC 100ML,PERFUMES ARABES,PAULISTA,115.33,349.9,1
10600,,OUD IS GREAT ZIMAYA MASC 100ML DOURADO,PERFUMES ARABES,PAULISTA,115.33,329.9,1
291924,,PARFUM DE MUSE LEGION L'AFFAIR MASC 100ML,PERFUMES ARABES,PAULISTA,115.33,299.9,1
P3719,,DURRAT AL AROOS AL WATANIAH 85ML FEM,PERFUMES ARABES,PAULISTA,115.33,259.9,1
20557,,DELILAH POUR FEMME 100ML FEM MAISON ALHAMBRA,PERFUMES ARABES,PAULISTA,115.33,299.9,1
06008,,ASAD LATTAFA 100ML MASC,PERFUMES ARABES,PAULISTA,115.33,279.9,0
P3870,,ATTAR AL WESAL AL WATANIAH MASC 100 ML,PERFUMES ARABES,PAULISTA,115.33,289.9,1
071797,,YARA LATTAFA FEM 100ML rosa,PERFUMES ARABES,PAULISTA,115.33,269.9,0
18154,,TONIC MALT MAISON ALHAMBRA 100ML MASC,PERFUMES ARABES,PAULISTA,115.33,329.9,1
P3987,,ABYAT AL WATANIAH 100ML FEM,PERFUMES ARABES,PAULISTA,115.33,279.9,1
P3817,,SABAH AL WARD AL WATANIAH FEM 100ML,PERFUMES ARABES,PAULISTA,147.5,229.9,1
12014,,LA CHARMANTE ECLATANT 100ML MAISON ALHAMBRA FEM,PERFUMES ARABES,PAULISTA,115.33,349.9,1
WM0044,,WIKE MAKE SKIN GEL DE LIMPEZA COREANO 100ML,Cosméticos,WEPINK,10.0,22.9,4
947279,,GLOSS LOVE RAIN LIP OIL,Cosméticos,WEPINK,6.0,16.99,3
WM0045,,WIKE MAKE SKIN TONICO FACIAL 120ML,Cosméticos,WEPINK,5.65,16.99,4
WM0046,,WIKE MAKE SERUM FACIAL 30 ML,Cosméticos,WEPINK,7.0,17.99,0
880027,,MASCARA FACIAL OMG SEOUL CERAMIDE 25ML,Cosméticos,WEPINK,10.0,29.9,3
MK1346,,BATOM RED VELVET DAPOP COREANO,Cosméticos,WEPINK,4.83,14.99,8
WM0056/C,,WIKE MAKE SKIN TORTA DE LIMAO HIDRATANTE CORPORAL 150 ML,Cosméticos,WEPINK,6.55,16.99,2
WM0056/A,,WIKE MAKE SKIN TORTA DE MORANGO HIDRATANTE CORPORAL 150ML,Cosméticos,WEPINK,6.55,16.99,3
WM0056/B,,WIKE MAKE SKIN COOKIE HIDRATANTE CORPORAL 150ML,Cosméticos,WEPINK,6.55,16.99,2
WM0056/D,,WIKE MAKE SKIN SORVETE DE FLOCOS HIDRATANTE CORPORAL 150ML,Cosméticos,WEPINK,6.55,16.99,3
01436,,DELILAH POUR FEMME MAISON ALHAMBRA 100ML,PERFUMES ARABES,ZAYNEX,159.99,299.9,1
99113,,HIS CONFESSION LATTAFA 100ML,PERFUMES ARABES,ZAYNEX,169.99,359.9,0
98918,,ATHEERI EDP LATTAFA 100ML,PERFUMES ARABES,ZAYNEX,339.99,589.9,0
40362,,ASAD BOURBON LATTAFA 100ML,PERFUMES ARABES,ZAYNEX,179.99,359.9,1
98925,,DALAL LATTAFA 100ML,PERFUMES ARABES,ZAYNEX,249.99,449.9,0
94552,,YARA TOUS LATTAFA 100ML,PERFUMES ARABES,ZAYNEX,119.99,239.9,1
98857,,DYNASTY LATTAFA 100ML,PERFUMES ARABES,ZAYNEX,159.99,299.9,1
44712,,CLUB DE NUIT INTENSE MAN 105ML,PERFUMES ARABES,ZAYNEX,189.99,349.9,0
98895,,LAYAAN LATTAFA 75ML,PERFUMES ARABES,ZAYNEX,219.99,399.9,0
56041,,FAKHAR WOMAN LATTAFA ROSE 100ML,PERFUMES ARABES,ZAYNEX,189.99,349.9,1
56355,,AMEERAT AL ARAB VERMELHO LATTAFA 100ML 2,PERFUMES ARABES,ZAYNEX,119.99,239.9,1
13110,,SABAH AL WARD AL WATANIAH 100 ML 2,PERFUMES ARABES,ZAYNEX,99.99,199.9,1
30515,,YARA ROSA LATTAFA 100ML 2,PERFUMES ARABES,ZAYNEX,139.99,339.9,1
35411,,ASAD TRADICIONAL LATTAFA 100ML 2,PERFUMES ARABES,ZAYNEX,149.99,279.9,0
50193,,HAYAATI LATTAFA TRADICIONAL PRETO 100ML 2,PERFUMES ARABES,ZAYNEX,89.99,189.9,0
055810,,PERFUME NAWAL ALEXANDRITE AL WATANIAH 100ML EDP UNISSEX,PERFUMES ARABES,PAULISTA,115.33,319.9,2
012,,uber ,Uber ,WIPINK,28.0,28.0,1
0123,,Amostras + UBER,perfumes ,ZAYNEX,430.0,430.0,1
,,,,,0.0,0.0,0
02290,,SCUDERIA FERRARI BLACK HIDRATANTE MASC 250ML,Cosméticos,SALOMAO,15.0,21.99,2
23450,,HIDRATANTE ASAD LATTAFA MASC 250ML,Cosméticos,SALOMAO,15.0,21.99,1
260411,,212 FEM HIDRATANTE 236ML,Cosméticos,SALOMAO,15.0,21.99,2
93205,,VICTORIA'S SECRET VANILLA LACE 250ML,Cosméticos,SALOMAO,15.0,21.99,1
31079,,VICTORIA'S SECRET COCONUT PASSION 250ML,Cosméticos,SALOMAO,15.0,21.99,1
28347,,HIDRATANTE LA VIE EST BELLE 236ML,Cosméticos,SALOMAO,15.0,21.99,1
89852,,HIDRATANTE YARA ROSA LATTAFA 236ML,Cosméticos,SALOMAO,15.0,21.99,1
26060,,HIDRATANTE ANGEL MUGLER 236ML,Cosméticos,SALOMAO,15.0,21.99,1
02719,,BODY SPLASH ROSE BY PRINCESS 250ML,Cosméticos,SALOMAO,10.0,36.99,0
10041,,VICTORIA'S SECRET BODY SPLASH BARE VANILLA 250ML,Cosméticos,SALOMAO,10.0,25.99,1
66752,,VICTORIA'S SECRET COCONUT PASSION 250ML,Cosméticos,SALOMAO,10.0,25.99,1
84203,,ANGEL MUGLER BODY SPLASH 250ML,Cosméticos,SALOMAO,10.0,25.99,1
LV00003,,BODY SPLASH YARA ROSA 236ML,Cosméticos,SALOMAO,10.0,25.99,1
234B3,,PERFUME SCUDERIA FERRARI BLACK 100ML,Cosméticos,SALOMAO,15.0,39.99,1
202834,,PERFUME ASAD TRADICIONAL MASC 100ML,Cosméticos,SALOMAO,15.0,39.99,1
08902,,PERFUME 212 SEXY FEM  100ML,Cosméticos,SALOMAO,15.0,39.99,1
2029,,PERFUME LA VIE EST BELLE FEM 100ML,Cosméticos,SALOMAO,15.0,39.99,1
PROD-20446783266,,MIA MAKE 535 MAQ0014LÁPIS LABIAL DUO COM APONTADOR - MIA MAKE,Cosméticos,R25 ATACADISTA,2.78,9.99,18
PROD-20446783267,,MAQSP-1PRIMER SILICONADO ACABAMENTO AVELUDADO 40ML -,Cosméticos,R25 ATACADISTA,5.55,16.99,12
PROD-20446783268,,SUPER PODERES SP1011 MAQ0013BALM GLITTER WE CANDY ESPIRAL - VIVAI 3390.1.1,Cosméticos,R25 ATACADISTA,3.78,12.99,35
PROD-20446783269,,MAQ0012MÁSCARA PARA SOBRANCELHAS - VIVAI 2236.1.1,Cosméticos,R25 ATACADISTA,6.22,17.99,9
PROD-20446783270,,MAKE 513 LEN0355LENÇO DEMAQUILANTE WE CANDY - VIVAI 5077.1.1,Cosméticos,R25 ATACADISTA,5.78,16.99,16
PROD-20446783271,,4204A MAQ0015MEU PET GLOSS - MIA MAKE,Cosméticos,R25 ATACADISTA,4.28,12.99,18
PROD-20446783272,,28A 84516815SABONETE TRATAMENTO INTELIGENTE 100ML - SUPER,Cosméticos,R25 ATACADISTA,8.0,23.99,12
MAQ001319,,"DELINEADOR CANETA PRETO 1,7ML MIA MAKE",Cosméticos,R25 ATACADISTA,3.55,13.99,1
BASE0001535,,BASE MOUSSE COM ESPONJA E ESPELHO MIA MAKE,Cosméticos,R25 ATACADISTA,11.89,29.99,1
PO0001395,,PO COMPACTO MICRONIZADO MULTI-D MIA MAKE,Cosméticos,R25 ATACADISTA,4.89,14.99,1
MAQ000000001,,ESFOLIANTE FACIAL SKIN FRUIT ABACATE E PITAYA MIA MAKE,Cosméticos,R25 ATACADISTA,7.33,21.99,1
PROD-20446783273,,SAGAFY 200ML CHARMELLE FS0328 BODY SPLASH ANJO 200ML 33072010 0,Cosméticos,atacadao do kits,11.25,31.99,1
PROD-20446783274,,FASHION FS0327 BODY SPLASH L'AME 200ML 33072010 0,Cosméticos,atacadao do kits,11.25,31.99,3
PROD-20446783275,,FASHION CH0198 BODY SPLASH REAL AMBAR 33072010 0,Cosméticos,atacadao do kits,6.3,15.75,1
PROD-20446783276,,60ML CHARMELLE CH0135 BODY SPLASH BEST FANTASY 33072010 0,Cosméticos,atacadao do kits,11.5,31.99,2
PROD-20446783277,,200ML CHARMELLE CH0200 BODY SPLASH BEST FANTASY 33072010 0,Cosméticos,atacadao do kits,6.3,15.75,1
PROD-20446783278,,60ML CHARMELLE CH0197 BODY SPLASH SAGAFY 60ML 33072010 0,Cosméticos,atacadao do kits,6.3,15.75,1
PROD-20446783279,,CHARMELLE CH0213 BODY SPLASH REAL AMBAR 33072010 0,Cosméticos,atacadao do kits,11.5,31.99,2
PROD-20446783280,,200ML CHARMELLE BR0390 BODY SPLASH AMEIXA 33072010 0,Cosméticos,atacadao do kits,16.5,36.99,2
PROD-20446783281,,NEGRA 200ML BELKIT CH0201 BODY SPLASH MY OBSESSION 33072010 0,Cosméticos,atacadao do kits,6.3,15.75,1
PROD-20446783282,,60ML CHARMELLE SO0230 BODY SPRAY ZAFRAN BLACK 33072010 0,Cosméticos,atacadao do kits,12.9,31.99,2
PROD-20446783283,,MEN 200ML SOUL COSMETICOS SO0226 BODY SPRAY ARABIAN FOR 33072010 0,Cosméticos,atacadao do kits,12.9,31.99,2
PROD-20446783284,,MEN 200ML SOUL COSMETICOS SO0211 DESODORANTE BODY SPLASH 33072010 0,Cosméticos,atacadao do kits,12.9,31.99,2
PROD-20446783285,,ALLIBAH ROUGE 200ML SOUL COSMETICOS SO0228 BODY SPRAY SHEIK FOR MEN 33072010 0,Cosméticos,atacadao do kits,12.9,31.99,2
PROD-20446783286,,FS0328 BODY SPLASH ANJO 200ML FASHION 33072010 0,Cosméticos,atacadao do kits,11.25,31.99,1
PROD-20446783287,,FS0327 BODY SPLASH L'AME 200ML FASHION 33072010 0,Cosméticos,atacadao do kits,11.25,31.99,3
PROD-20446783288,,CH0198 BODY SPLASH REAL AMBAR 60ML CHARMELLE 33072010 0,Cosméticos,atacadao do kits,6.3,15.75,1
PROD-20446783289,,CH0135 BODY SPLASH BEST FANTASY 200ML CHARMELLE 33072010 0,Cosméticos,atacadao do kits,11.5,31.99,1
PROD-20446783290,,CH0200 BODY SPLASH BEST FANTASY 60ML CHARMELLE 33072010 0,Cosméticos,atacadao do kits,6.3,15.75,1
PROD-20446783291,,CH0197 BODY SPLASH SAGAFY 60ML CHARMELLE 33072010 0,Cosméticos,atacadao do kits,6.3,15.75,1
PROD-20446783292,,CH0213 BODY SPLASH REAL AMBAR 200ML CHARMELLE 33072010 0,Cosméticos,atacadao do kits,11.5,31.99,0
PROD-20446783293,,BR0390 BODY SPLASH AMEIXA NEGRA 200ML BELKIT 33072010 0,Cosméticos,atacadao do kits,16.5,36.99,2
PROD-20446783294,,CH0201 BODY SPLASH MY OBSESSION 60ML CHARMELLE 33072010 0,Cosméticos,atacadao do kits,6.3,15.75,1
PROD-20446783295,,SO0230 BODY SPRAY ZAFRAN BLACK MEN 200ML SOUL COSMETICOS 33072010 0,Cosméticos,atacadao do kits,12.9,31.99,2
PROD-20446783296,,SO0226 BODY SPRAY ARABIAN FOR MEN 200ML SOUL COSMETICOS 33072010 0,Cosméticos,atacadao do kits,12.9,31.99,1
PROD-20446783297,,SO0211 DESODORANTE BODY SPLASH ALLIBAH ROUGE 200ML SOUL COSMETICOS 33072010 0,Cosméticos,atacadao do kits,12.9,31.99,2
PROD-20446783298,,SO0228 BODY SPRAY SHEIK FOR MEN 200ML SOUL COSMETICOS 33072010 0,Cosméticos,atacadao do kits,12.9,31.99,2
PROD-20446783299,,FOR MEN 200ML SOUL COSMETICOS SO0225 BODY SPRAY AMBAR FOR 33072010 0,Cosméticos,atacadao do kits,12.9,31.99,2
PROD-20446783300,,MEN 200ML SOUL COSMETICOS CH0203 BODY SPLASH SABARAH 33072010 0,Cosméticos,atacadao do kits,7.0,31.99,1
PROD-20446783301,,60ML CHARMELLE BR0391 BODY SPLASH CEREJA E 33072010 0,Cosméticos,atacadao do kits,16.5,36.99,2
PROD-20446783302,,AVELA 200ML BELKIT CH0185 BODY SPLASH DESODORANTE 33072010 0,Cosméticos,atacadao do kits,11.5,31.99,2
PROD-20446783303,,SO0225 BODY SPRAY AMBAR FOR MEN 200ML SOUL COSMETICOS 33072010 0,Cosméticos,atacadao do kits,12.9,31.99,2
PROD-20446783304,,CH0203 BODY SPLASH SABARAH 60ML CHARMELLE 33072010 0,Cosméticos,atacadao do kits,7.0,31.99,0
PROD-20446783305,,BR0391 BODY SPLASH CEREJA E AVELA 200ML BELKIT 33072010 0,Cosméticos,atacadao do kits,16.5,36.99,2
PROD-20446783306,,CH0185 BODY SPLASH DESODORANTE SABARAH 200ML CHARMELLE 33072010 0,Cosméticos,atacadao do kits,11.5,31.99,2
     71040,,BATOM MAGICO SOMBRA FLOR ,MAQUIAGEM,SUPER LINDA ,2.6,10.99,48
GQ312023,,MY BEAUTY TOOL SKIN CARE,Cosméticos,SHOPEE,3.65,9.99,12
GQ312019,,MINI KIT DE PINCEIS,Cosméticos,SHOPEE,3.65,12.99,9
MFG20260102,,MASCARA LABIAL DADIVA DE MEL E COLÁGENO,Cosméticos,SHOPEE,1.27,5.99,20
JD037623,,KIT DE 3 NAVALHAS PARA SOBRANCELHAS,Cosméticos,SHOPEE,3.68,13.99,10
LUH254412,,ESPONJAS GOTA PARA ROSTO E MAQUIAGEM CORRETIVO E BASE,Cosméticos,SHOPEE,2.72,9.99,10
UBER,,UBER,UBER,UBER,62.21,62.21,1
LUH2558554,,PINÇA CRUZ DE OURO,Cosméticos,SHOPEE,2.47,6.99,12
LR4502,,LAPIS MATTE LABIAL LIPSTICK PEN,Cosméticos,SUPERLINDA,3.0,13.99,43
479552,,BASE LIQUIDA AMOR E ANJO,Cosméticos,SUPER LINDA,7.0,19.99,23
LUH202607,,GLOSS ALOE VERA VIVAI,Cosméticos,SUPER LINDA,4.0,10.0,6
LUH2502541,,LIPGLOSS DE CHOCOLATE COM CHAVEIRO,Cosméticos,SUPER LINDA,5.5,16.99,1
600294,,BIG LIP LILAC VOLUME GLOSS,Cosméticos,SUPER LINDA,6.5,17.99,3
L0558,,BOCÃO LIP GLOSS VOLUME LABIAL FEBELLA,Cosméticos,SUPER LINDA,6.5,17.99,3
5534995,,GLOSS LABIAL CAPIVARA,Cosméticos,SUPER LINDA,5.0,15.99,1
617919,,LIPGLOSS HONEY,Cosméticos,SUPER LINDA,6.0,16.99,3
CE725320,,CILIOS POSTIÇOS EM TUFINHO  NEW SHOW,Cosméticos,SUPER LINDA,5.0,15.99,9
599465,,AMEER AL ARAB IMPERIUM 100ML LATTAFA,Cosméticos,Paulista,117.8,249.9,0
MA3041,,MASCARA PARA CILIOS MEGA 2 EM 1 FEBELLA,Cosméticos,25 MARÇO,8.99,19.99,1
218413,,PERFUME DE FEROMONIOS ATTRACIONE MEN,Cosméticos,PAULISTA,80.0,99.9,1
598895,,LAYAAN LATTAFA 75ML,Cosméticos,PAULISTA,228.0,399.9,1
733509,,JUBILANT NOIR  MAISON ALHAMBRA 100ML,Cosméticos,PAULISTA,100.0,289.9,1
598959,,MISHLAH LATTAFA 100ML,Cosméticos,PAULISTA,155.0,289.9,1
733875,,BADE AL OUD AMETHYST 100ML LATTAFA,Cosméticos,PAULISTA,180.0,359.9,1
375994,,LIQUID BRUN FRENCH AVENUE 100ML,Cosméticos,PAULISTA,266.0,469.9,1
730515,,YARA ROSA LATTAFA 100ML,Cosméticos,PAULISTA,150.0,299.9,1
340362,,ASAD LATTAFA BOURBON 100ML,Cosméticos,PAULISTA,190.0,359.9,1
012094,,OLEO CORPORAL SOUL SELVAGEM SOUL COSMETICOS,Cosméticos,LICO,9.99,23.99,11
313641,,PROTETOR SOLAR MOCLLURE,Cosméticos,LICO,6.5,16.99,19
516813,,GLOSS LIP MAGICO,Cosméticos,SHOPEE,6.58,17.99,32
087547,,BODYSPLASH ANGELS CAP LIFE,Cosméticos,LICO,6.99,18.99,3
765452,,BODYSPLASH SCANDALUS CAP LIFE,Cosméticos,LICO,6.99,18.99,3
765438,,BODYSPLASH YARA CAP LIFE,Cosméticos,LICO,6.99,18.99,2
051182,,BODYSPLASH OBSESSAO CAP LIFE,Cosméticos,LICO,6.99,18.99,2
140853,,HIDRATANTE ANGELS CAP LIFE,Cosméticos,LICO,5.99,15.99,3
140822,,HIDRATANTE SCANDALUS CAP LIFE,Cosméticos,LICO,5.99,15.99,3
051175,,HIDRATANTE OBSESSAO CAP LIFE,Cosméticos,LICO,5.99,15.99,2
140846,,HIDRATANTE YARA CAP LIFE,Cosméticos,LICO,5.99,15.99,2
423999,,RIMEL MELU PEEL OF SELFIE,Cosméticos,SHOPEE,11.72,18.99,4
424002,,RIMEL MELU PEEL OFF  CHALLENGE,Cosméticos,SHOPEE,11.72,18.99,4
424019,,RIMEL MELU PEEL OFF LIKE IT,Cosméticos,SHOPEE,11.72,18.99,4
549196,,CILIOS TUFINHOS  NEW HOW,Cosméticos,SHOPEE,14.66,29.99,12
800142,,LAPIS PARA CONTORNO LABIAL 2 EM 1,Cosméticos,SHOPEE,0.01,5.99,0
918336,,SUPER HAIR BOND GLUE  SALON PRO  PROFISSIONAL SPEED,Cosméticos,SHOPEE,6.66,14.99,12
LUH8559588,,HAIR BONDING REMOVER LOTION SALON PRO EXCLUSIVE,Cosméticos,SHOPEE,7.71,15.99,9
203238,,BABAKISS GLOSS SABORES STARKISS MAKEUP,Cosméticos,SHOPEE,6.37,17.99,10
L887W,,LAPIS DE OLHO BRANCO LUISANCE,Cosméticos,MERCADO LIVRE,3.82,10.0,11
006493,,DELINEADOR A PROVA D'AGUA  RUBY ROSE,Cosméticos,SHOPEE,3.13,10.0,23
201831,,BATOM LIQUIDO VINIL,Cosméticos,MERCADO LIVRE,6.83,16.99,9
CRG5SET,,GLOSS CRIARBELLE SUPER STAY,Cosméticos,MERCADO LIVRE,3.72,9.99,21
LA7265,,BASTAO FACIAL BASE CORRETIVO E CONTORNO LABRANCHE,Cosméticos,Fornecedor,6.15,17.99,24
SOUL007,,LIP MAGIC SOUL COSMETICOS,Cosméticos,ATACADAO DOS KITS,4.75,12.99,12
603049,, BRUMA FIXADORA EFEITO GLOW SWISS BEAUTY,Cosméticos,ATACADAO DE KITS,15.7,23.99,2
603032,,BRUMAV FIXADORA EFEITO MATTE SWISS BEAUTY,Cosméticos,ATACADAO DOS KITS,15.7,13.99,2
437693,,SPRAY FIXADOR DE MAQUIAGEM SOUL COSMETICOS,Cosméticos,ATACADAO DOS KITS,12.99,23.99,2
277279,,LOÇAO CORPORAL STRAW BERRY LA BELLE COSMETICOS,Cosméticos,ATACADAO DOS KITS,8.9,18.99,1
882316,,LOÇAO CORPORAL VANILLA LA BELLE COSMETICOS,Cosméticos,ATACADAO DOS KITS,8.9,18.99,1
277255,,LOÇAO CORPORAL INTENSE LA BELLE,Cosméticos,ATACADAO DOS KITS,8.9,18.99,0
277286,,LOÇAO CORPORAL SEDUÇAO LA BELLE,Cosméticos,ATACADAO DOS KITS,8.9,18.99,0
JCA001,,PERFUME 45ML ANJO,Cosméticos,ATACADAO DOS KITS,9.8,25.99,1
505855,,PERFUME 45ML 121 ROSE YOU COSMETICOS,Cosméticos,ATACADAO DOS KITS,9.8,25.99,1
366526,,PERFUME QUEEN MILLION 45 ML YOU COSMETICOS,Cosméticos,ATACADAO DOS KITS,9.8,25.99,1
505893,,PERFUME AZ 45ML YOU COSMETICOS,Cosméticos,ATACADAO DOS KITS,9.8,25.99,1
505848,,PERFUME L'AME 45ML YOU COSMETICOS,Cosméticos,ATACADAO DOS KITS,9.8,25.99,1
202897,,PERFUME NUIT KLUV 45ML ARABIAN FRAGRANCES,Cosméticos,ATACADAO DOS KITS,9.8,25.99,0
202835,,PERFUME AMBER ARABIAN FRAGRANCES 45ML,Cosméticos,ATACADAO DOS KITS,9.8,25.99,1
505879,,PERFUME A'DORE 45ML YOU COSMETICOS,Cosméticos,ATACADAO DOS KITS,9.8,25.99,1
505862,,PERFUME ABSOLUTE SPORT YOU COSMETICOS 45ML,Cosméticos,ATACADAO DOS KITS,9.8,25.99,1
202859,,PERFUME ROUGGE 45ML ARABIAN FRAGRANCES,Cosméticos,ATACADAO DOS KITS,9.8,25.99,1
505916,,PERFUME BOSS 45ML YOU COSMETICOS,Cosméticos,ATACADAO DOS KITS,9.8,25.99,1
278160,,CREME PARA MAOS MANGA E PEQUI LA BELLE COSMETICOS,Cosméticos,ATACADAO DOS KITS,5.4,13.99,1
278184,,CREME PARA MAOS CASTANHA E AMENDOA LA BELLE COSMETICOS,Cosméticos,ATACADAO DOS KITS,5.4,13.99,0
882569,,CREME PARA MAOS AMEIXA NEGRA LA BELLE COSMETICOS,Cosméticos,ATACADAO DOS KITS,5.4,13.99,1
202149,,PERFUME SCANDALOUS 45ML YOU COSMETICOS,Cosméticos,ATACADAO DOS KITS,9.8,25.99,1
202118,,PERFUME ESSENTIAL 45ML YOU COSMETICOS,Cosméticos,ATACADAO DOS KITS,9.8,25.99,2
156034,,VITAMINA C10 SERUM FACIAL LA BELLE COSMETICOS,Cosméticos,ATACADAO DOS KITS,5.9,15.99,2
279433,,SABONETE PRIMER FIXA MAKE LA BELLE,Cosméticos,ATACADAO DOS KITS,5.7,15.99,2
504421,,PERFUME 121 ROSE 100ML YOU COSMETICOS,Cosméticos,ATACADAO DOS KITS,15.7,59.99,1
504414,,PERFUME A'DORE 100ML YOU COSMETICOS,Cosméticos,ATACADAO DOS KITS,15.7,59.99,1
202682,,PERFUME ROUGGE 100ML ARABIAN FRAGRANCES,Cosméticos,ATACADAO DOS KITS,15.7,59.99,1
506791,,PERFUME GGIRL 100ML MISS POP ESSENCE,Cosméticos,ATACADAO DOS KITS,15.7,59.99,1
202675,,PERFUME AMBER 100ML ARABIAN FRAGRANCES,Cosméticos,ATACADAO DOS KITS,15.7,59.99,1
505589,,PERFUME ANJO 100ML YOU COSMETICOS,Cosméticos,ATACADAO DOS KITS,15.7,59.99,1
202729,,PERFUME NUIT KLUV 100ML ARABIAN FRAGRANCES,Cosméticos,ATACADAO DOS KITS,15.7,59.99,1
505633,,PERFUME AZ 100ML YOU COSMETICOS,Cosméticos,ATACADAO DOS KITS,15.7,59.99,1
506012,,PERFUME BOSS 100ML YOU COSMETICOS,Cosméticos,ATACADAO DOS KITS,15.7,59.99,0
506005,,PERFUME L'AME 100 ML YOU COSMETICOS,Cosméticos,ATACADAO DOS KITS,15.7,59.99,1
507019,,PERFUME QUEEN MILLION 100ML YOU COSMETICOS,Cosméticos,ATACADAO DOS KITS,15.7,59.99,1
202095,,PERFUME SCANDALOUS 100ML YOU COSMETICOS,Cosméticos,ATACADAO DOS KITS,15.7,59.99,1
B1102,,BASE LIQUIDA BELLE ANGEL,Cosméticos,MERCADO LIVRE,10.33,22.99,24
816923,,LIP BALM BLOMY VIVAI,Cosméticos,MERCADO LIVRE,4.71,13.99,33
AMMB021,,BLUSH EM BASTAO COM PINCEL,Cosméticos,MERCADO LIVRE,5.84,14.99,23
007411,,MASCARA PARA CÍLIOS RUBY ROSE GLASS,Cosméticos,SHOPEE,6.32,12.99,10
903647,,SÉRUM ROSA MOSQUETA DERMACHERM LABORATORY,Cosméticos,SHOPEE,7.05,26.99,11
903586,,SÉRUM CLAREADOR DERMACHERM LABORATORY,Cosméticos,SHOPEE,7.05,26.99,10
225899852,,BATOM KYRAVY CREMOSO,Cosméticos,MERCADO LIBRE,3.5,5.99,20
25558422,,PERFUME FEROMONIO MASCULINO ATRACCIONE,Cosméticos,PAULISTA,80.0,100.0,0
612655,,HUDABEAUTY GLOSS GLOW 4ML,Cosméticos,MERCADO LIVRE,3.11,9.99,35
351387,,GLOSS RAIO DE SOL MIA MAKE,Cosméticos,MERCADO LIVRE,3.7,9.99,24
LLT26,,BALM BEACH VIVAI,Cosméticos,MERCADO LIVRE,6.41,13.99,20
LB14142,,LADY BLESS DEMAQUILANTE 30UNIDADES,Cosméticos,SHOPEE,3.48,10.0,8
LUH7854421,,ESCOVA DE CABELO COELHINHO,Cosméticos,SHOPEE,4.61,11.99,0
260733EVQKAGS1,,KIT COGUMELO MAQUIAGEM MAKEUP,Cosméticos,SHOPEE,4.7,11.99,11
370046,,ILUMINADOR EM BASTAO AMOR ANJO,Cosméticos,SHOPEE,6.56,16.99,23
WL155655,,PINÇA PARA COLOCAR CILIOS EM TUFO,Cosméticos,SHOPEE,5.41,15.99,12
951469,,PERFUME INTIMO APINIL,Cosméticos,SHOPEE,6.41,12.99,8
LA7198,,BASE EM BASTAO LABRANCHE,Cosméticos,SHOPEE,7.46,17.99,24
617827,,SACHE MASCARA FACIAL 8G,Cosméticos,SHOPEE,1.11,3.99,43
LR3022,,GLOSS LABIAL BLACK PINK LOVE RAIN,Cosméticos,SHOPEE,8.13,16.99,19
LXSA42,,ESCOVA LIMPEZA FACIAL 2 EM 1,Cosméticos,SHOPEE,5.28,13.99,10
710288,,PERFUME AVIATOR ZAKAT PARFUMS,Cosméticos,PAULISTA,100.0,319.9,1
346111,,PERFUME QUEEN OF ARABIA,Cosméticos,PAULISTA,350.0,489.9,0
599120,,PERFUME HER CONFESSION LATTAFA,Cosméticos,PAULISTA,200.0,359.9,1
599113,,PERFUME HIS CONFESSION LATTAFA,Cosméticos,PAULISTA,200.0,359.9,0
044712,,PERFUME CLUB DE NUIT INTENSE MAN,Cosméticos,PAULISTA,220.0,389.9,1
PROD-20446783307,,LUH123 PRODUTO PROGRAMA DECOLAR MERCADO LIVRE,Cosméticos,Fornecedor,250.0,1.0,1
978978,,PALETA QUARTETO DE SOMBRAS LUDURANA,Cosméticos,SHOPEE,6.5,12.99,23
HC698,,BLOW GIRL 320ML GEL AROMATIZANTE,Cosméticos,SHOPEE,20.93,31.99,6
874894,,SABONETE INTIMO MASC BLUE ICE,Cosméticos,SHOPEE,5.4,12.99,12
211221,,BATOM HIDRATANTE ASU MAKEUP COBERTURA EXTREMA,Cosméticos,Fornecedor,3.72,9.99,48
605803,,BODYSPLASH BLOWBEIJOS MORANGO COM CREME,Cosméticos,SHOPEE,21.99,36.99,6
LUH521855,,LIQUID BRUN FRENCH AVENUE,Cosméticos,PAULISTA,266.0,349.9,0
7898736606312,,HIDRATANTE CORPORAL UNICORNIO GLOW GIRL,Cosméticos,SHOPEE,19.9,31.99,4
0736532437655,,AGUA MICELAR FLUIDO DE LIMPEZA SOUL COSMETICOS,Cosméticos,CELIA E JUNIOR,4.37,12.99,11
78988736605803,,BODYSPLASH BLOW GIRL,Cosméticos,SHOPEE,20.99,36.99,5
GQ312162,,KIT 13 PINCEIS GRANDES,Cosméticos,SHOPEE,5.49,16.99,12
7898741951612,,OLEO CORPORAL EPIDERM ORQUIDEA E AMENDOAS,Cosméticos,SHOPEE,9.11,18.99,11
78971850033776,,MANTEIGA DE CACAU SABOR CEREJA,Cosméticos,SHOPEE,4.08,9.99,11
7908240514215,,PRIMER HIDRATANTE ANTICRAQUELAMENTO MAX LOVE,Cosméticos,CELIA E JUNIOR,5.52,24.99,4
7908240519777,,SERUM FACIAL PELE DE SEDA MAX LOVE,Cosméticos,CELIA E JUNIOR,5.92,24.99,4
7908240514260,,SERUM VITAMINA C 10 EM 1 MAX LOVE,Cosméticos,CELIA E JUNIOR,5.62,24.99,4
7908240519425,,SERUM FACIAL CHA VERDE EFEITO CALMANTE MAX LOVE,Cosméticos,CELIA E JUNIOR,5.92,24.99,5
7908240519432,,SERUM PRIMER FACIAL HIDRATANTE OIL FREE MAX LOVE,Cosméticos,CELIA E JUNIOR,6.13,26.99,5
7908240518091,,SERUM FACIAL GLYCOLICHA MAX LOVE,Cosméticos,CELIA E JUNIOR,6.13,0.0,5
PROD-78988736605804,,SERUM FACIAL 8 TIPOS DE ACIDOS HIALURONICOS E MULTICERAMIDAS MAX LOVE,Cosméticos,CELIS E JUNIOR,6.64,26.99,5
0042882898788,,HIDRATANTE CORPORAL BABAMALLOW SOUL COSMETICOS,Cosméticos,SHOPEE,14.77,27.99,4
7908240514338,,SERUM PRIMER ANTIOLIOSIDADE OIL FREE DIA MAX LOVE,Cosméticos,MERCADO LIVRE,6.98,26.99,23
6290362340362,,PERFUME ASAD BOURBON LATTAFA,PERFUME,PAULISTA,190.0,359.9,2
6290360599168,,PERFUME YARA CANDY LATTAFA,PERFUME,PAULISTA,165.0,319.9,2
6291108735411,,PERFUME ASAD TRADICIONAL LATTAFA,PERFUME,PAULISTA,170.0,319.9,1
629036236111,,PERFUME QUEEN OF ARABIA LATTAFA,Cosméticos,Fornecedor,350.0,519.9,1
6290360599113,,PERFUME HIS CONFESSION LATTAFA,PERFUME,PAULISTA,200.0,359.9,1
6290360591421,,PERFUME YARA MOI LATTAFA,PERFUME,PAULISTA,165.0,299.9,1
6291107450193,,PERFUME HAYAATI LATTAFA,PERFUME,PAULISTA,100.0,219.9,1
6290360375694,,PERFUME LIQUID BRUN FRENCH AVENUE,PERFUME,PAULISTA,266.0,449.9,1
6290362346548,,PERFUME ASAD ELIXIR LATTAFA,PERFUME,PAULISTA,240.0,419.9,1
7908376800190,,CREME SEBO DE CARNEIRO PARA PES E MAOS  RHENUKS,Cosméticos,mercado livre,4.8,14.99,3
7898015063904,,SKIN REPAIR D-PANTENOL HIDRATANTE FACIAL KYRAV,Cosméticos,MERCADO LIVRE,5.59,10.99,11
7898015063935,,SKIN REPAIR COLÁGENO KYRAV,Cosméticos,MERCADO LIVRE,5.59,10.99,11
7908240514345,,SÉRUM FÁCIL COLÁGENO  MAX LOVE,Cosméticos,MERCADO LIVRE,10.99,26.99,2
7898296171275,,GLOSS LABIAL MAGICO BLUE MOON,Cosméticos,SHOPEE,5.25,14.99,3
7898352535089,,BATOM LIQUIDO MATTE SOFT24 HORAS  BLUE MOON,Cosméticos,SHOPEE,5.25,14.99,15
7908714106700,,LIP TINT GEL LUDURANA MAKEUP,Cosméticos,SHOPEE,3.9,10.0,11
7908376801173,,MEUS CACHOS ATIVADOR DE CACHOS SPRAY TERMICO,Cosméticos,SHOPEE,8.55,18.99,5
7908376801111,,MEU LISO PROTETOR TERMICO 10 EM 1,Cosméticos,SHOPEE,8.55,18.99,5
798240514284,,SERUM FACIAL 10X 1 MAX LOVE,Cosméticos,MERCADO LIVRE,9.36,26.99,8
7898598276234,,CREME FACIAL HIDRATANTE COM FILTRO SOLAR LABELLE,Cosméticos,MERCADO LIVRE,10.34,23.99,5
7898598275862,,CREME FACIAL PURIFICANTE COM FILTRO SOLAR LABELLE,Cosméticos,MERCADO LIVRE,10.34,22.99,5
6921497113940,,LIP SCRUB BELLE ANGEL,Cosméticos,SHOPEE,7.54,0.0,16
6977017802504,,LIPLINER LAPIS CANETA LAIPS MATTE LONGA DURAÇÃO VELUDO,Cosméticos,SHOPEE,2.83,7.99,8
27898715816910,,DUO LIP POCKET VIVAI,Cosméticos,SHOPEE,9.78,18.99,23
6972857801410,,CHERRY BOMB BILLION BEAUTY COM CHAVEIRO,Cosméticos,SHOPEE,15.6,26.99,10
6291107458328,,BADE E AL OUD LATTAFA 100 ML,Cosméticos,PAULISTA,147.5,319.9,1
5055810007720,,SHAGAF AL WARD 100MLAL WATANIAH,Cosméticos,PAULISTA,147.5,319.9,0
LUH8452154,,"PIJAMA FEMININO TAMANHOS P,M,G-GG",Cosméticos,SHOPEE,10.5,16.99,1
26712208406246657790836,,CARTELA DE CILIOS POSTIÇOS RUSSO NATURAIS 10 PARES,Cosméticos,SHOPEE,34.08,45.0,0
691912010084,,PARES DE CILIOS POSTIÇOS NATURAIS VOLUMOSOS,Cosméticos,SHOPEE,2.43,9.99,10
7937280223207,,CILIOS POSTIÇOS 6D FIO DE ALGODÃO FAUX MINK COTTON 10PARES,Cosméticos,SHOPEE,23.93,37.99,1
7897947620605,7897947620605,CARMED 10G CIMED VARIOS SABORES,Cosméticos,SHOPEE,12.78,23.99,9
7898975292918,7898975292918,SABONETE LIQUIDO CORPO E ROSTO LOVELY,Cosméticos,SHOPEE,6.75,16.99,12
121212,,KIT YARAH,Cosméticos,LICO,1.0,60.0,0
L20620310414,6975751890634,LIMEGIRL A PROVA D ÁGUA LIPGLOSS,Cosméticos,SHOPEE,4.94,13.99,12
325011,27898715812721,LIP GLOSS VIVAI PIRLIM PIM LIP,Cosméticos,SHOPEE,5.41,12.99,21
B1253,7891165312533,NECESSAIRE VÁRIOS MODELOS FEM,Cosméticos,SHOPEE,12.99,22.99,4
334311,37898715815675,LIP BALM SHAKE HIDRATANTE VIVAI,Cosméticos,SHOPEE,6.54,18.99,22
20290116,,RETINAL SHOT,Cosméticos,ALIEXPRESS,12.31,49.9,3
6973100278423,6973100278423,LIP GLOSS STITCH,Cosméticos,SHOPEE,4.45,9.99,22
7894912002978,7894912002978,GLOWSKIN ESPUMA FACIAL,Cosméticos,SHOPEE,13.18,23.99,5
7899360260833,7899360260833,BATOM DUO MATTE FENZZA,Cosméticos,SHOPEE,9.0,17.99,11
317011,37898715814272,WE CANDY BALM,Cosméticos,Fornecedor,6.4,12.99,21
SPI1079,79011454024889,LOÇAO CORPORAL E PERFUME FLOR DO ORIENTE 35ML SUPER PODERES,Cosméticos,SHOPEE,12.39,26.99,7
A2037,9215203201791,MASCARA WITH VITAMIN E YALANNI COSMETICS,Cosméticos,SHOPEE,7.0,13.99,12
250501,1107337032,PIMPLE PATCH HYDROCOLLOID,Cosméticos,ALIEXEPRESS,8.0,15.99,1
983471922240,12000051207747245,PIMPLE PATCH TRANSPARENTE,Cosméticos,ALIEXPRESS,8.0,15.99,1
12600205,1101312071,PIMPLE PATCH DE CORAÇAO,Cosméticos,ALIEXPRESS,8.0,15.99,1
04492329,7898520002719,BODYSPLASH ROSE BY PRINCESS USE BRAZIL,Cosméticos,SALOMAO,20.0,39.99,6
0234B3CDF,1524896587324,FANTASY BRITNEY SPEARS PERFUME 50 ML,Cosméticos,SALOMAO,6.0,12.99,1
147895365,147258369021432,PERFUME DE CABELO ANGEL 50ML,Cosméticos,SALOMAO,6.0,12.99,1
021214589,21548843220458,GOOD GIRL PERFUME DE CABELO 50ML,Cosméticos,SALOMAO,6.0,12.99,1
52458954,7898520002733,GLOSS CAPILAR USE BRAZIL 60ML,Cosméticos,SALOMAO,10.0,19.99,4
84545558,2489564982254,PERFUME GABRIELA SABATINI 100ML,Cosméticos,SALOMAO,10.0,39.9,1
0890246,02315964871267,PERFUME 212 VIP BLACK 50ML,Cosméticos,SALOMAO,6.0,12.99,1
7766555445,0998786765544,PERFUME 1 MILLION 50ML,Cosméticos,SALOMAO,6.0,12.99,1
5144878,0221158887956,PERFUME LACOSTE 50ML,Cosméticos,SALOMAO,6.0,12.99,0
95895498,205214695415,PERFUME ANGEL MUGLER 50ML,Cosméticos,SALOMAO,6.0,12.99,1
95455554,3698521470324,FERRARI BLACK PERFUME 50ML,Cosméticos,SALOMAO,6.0,12.99,1
8896554,2136547891200,INVICTUS PERFUME 50ML,Cosméticos,SALOMAO,6.0,12.99,1
789821265,7898520003280,POMADA MODELADORA  USE BRAZIL,Cosméticos,SALOMAO,7.0,16.99,3
25665556,1548786453854,TOUCA MAGICA DE SECAR CABELOS,Cosméticos,SHOPEE,5.49,12.99,8
7898015062365,7898015062365,PO COMPACTO KYRAV EFEITO MATTE ACABAMENTO AVELUDADO,Cosméticos,SHOPEE,6.11,12.99,12
895848,2154896326678,PINCEL DE MAQUIAGEM DE BASE PLANA,Cosméticos,SHOPEE,4.16,8.99,20
L0201,6975751890672,LIP BALM LIMEGIRL,Cosméticos,SHOPEE,7.11,13.99,24
MP10025,17908289900281,BRILHO LABIAL MORANGO MARIA PINK,Cosméticos,SHOPEE,7.11,13.99,24
WHL22177,6975331280602,JELLY LIPSTICK FANG,Cosméticos,ALIEXPRESS,11.23,18.99,2
08275120,7899738900231,LAPIS DE OLHO COM APONTADOR BELLAFEMME,Cosméticos,SHOPEE,3.37,6.99,12
LR4241,6905806035420,LIP BALM E CREME DE MAO STRAWBERRY LOVE RAIN,Cosméticos,SHOPEE,10.8,16.99,6
JU1918,6972071002150,LIP GLOSS CHROMA CRUSH YASMIN E JU,Cosméticos,SHOPEE,5.8,10.99,24
20068970,12564879636321,BODYSPLASHS VICTORIA'S SECRET FRAGRANCIAS 200ML BRILHANTE,Cosméticos,SHOPEE,11.8,19.99,9
01,01,UBER,Cosméticos,Fornecedor,10.0,10.0,1
